{"current":{"logo":"shopify:\/\/shop_images\/Logo_SVG.svg","logo_width":200,"favicon":"shopify:\/\/shop_images\/Asset_25.svg","type_header_font":"futura_n4","heading_scale":110,"type_body_font":"ubuntu_n4","body_scale":100,"page_width":1600,"spacing_sections":0,"spacing_grid_horizontal":36,"spacing_grid_vertical":4,"animations_reveal_on_scroll":true,"animations_hover_elements":"3d-lift","buttons_border_thickness":1,"buttons_border_opacity":0,"buttons_radius":0,"buttons_shadow_opacity":100,"buttons_shadow_horizontal_offset":12,"buttons_shadow_vertical_offset":4,"buttons_shadow_blur":20,"variant_pills_border_thickness":0,"variant_pills_border_opacity":10,"variant_pills_radius":10,"variant_pills_shadow_opacity":0,"variant_pills_shadow_horizontal_offset":0,"variant_pills_shadow_vertical_offset":4,"variant_pills_shadow_blur":5,"inputs_border_thickness":12,"inputs_border_opacity":100,"inputs_radius":10,"inputs_shadow_opacity":0,"inputs_shadow_horizontal_offset":0,"inputs_shadow_vertical_offset":4,"inputs_shadow_blur":5,"card_style":"card","card_image_padding":0,"card_text_alignment":"left","card_color_scheme":"scheme-4","card_border_thickness":0,"card_border_opacity":10,"card_corner_radius":10,"card_shadow_opacity":0,"card_shadow_horizontal_offset":0,"card_shadow_vertical_offset":4,"card_shadow_blur":5,"collection_card_style":"standard","collection_card_image_padding":0,"collection_card_text_alignment":"left","collection_card_color_scheme":"scheme-4","collection_card_border_thickness":0,"collection_card_border_opacity":10,"collection_card_corner_radius":10,"collection_card_shadow_opacity":0,"collection_card_shadow_horizontal_offset":0,"collection_card_shadow_vertical_offset":4,"collection_card_shadow_blur":5,"blog_card_style":"card","blog_card_image_padding":0,"blog_card_text_alignment":"left","blog_card_color_scheme":"scheme-4","blog_card_border_thickness":0,"blog_card_border_opacity":10,"blog_card_corner_radius":10,"blog_card_shadow_opacity":0,"blog_card_shadow_horizontal_offset":0,"blog_card_shadow_vertical_offset":4,"blog_card_shadow_blur":5,"text_boxes_border_thickness":0,"text_boxes_border_opacity":0,"text_boxes_radius":10,"text_boxes_shadow_opacity":0,"text_boxes_shadow_horizontal_offset":4,"text_boxes_shadow_vertical_offset":4,"text_boxes_shadow_blur":0,"media_border_thickness":0,"media_border_opacity":0,"media_radius":12,"media_shadow_opacity":0,"media_shadow_horizontal_offset":0,"media_shadow_vertical_offset":4,"media_shadow_blur":5,"popup_border_thickness":3,"popup_border_opacity":100,"popup_corner_radius":10,"popup_shadow_opacity":0,"popup_shadow_horizontal_offset":0,"popup_shadow_vertical_offset":4,"popup_shadow_blur":5,"drawer_border_thickness":1,"drawer_border_opacity":100,"drawer_shadow_opacity":0,"drawer_shadow_horizontal_offset":0,"drawer_shadow_vertical_offset":4,"drawer_shadow_blur":5,"badge_position":"bottom left","badge_corner_radius":40,"sale_badge_color_scheme":"scheme-1","sold_out_badge_color_scheme":"scheme-4","brand_headline":"Nesheim & Vatten – Digitalt design og markedsføring","brand_description":"<p>Nesheim & Vatten leverer profesjonell webdesign, visuell identitet, innholdsproduksjon og markedsføring for små og mellomstore bedrifter i hele Norge. Vi hjelper deg med å bygge en sterk digital tilstedeværelse – fra nettsider og nettbutikker til foto, video og SEO-optimalisert innhold. Ta kontakt for en gratis rådgivningssamtale.<\/p>","brand_image":"shopify:\/\/shop_images\/Asset_26_1.svg","brand_image_width":100,"social_facebook_link":"","social_instagram_link":"","social_youtube_link":"","social_tiktok_link":"","social_twitter_link":"","social_snapchat_link":"","social_pinterest_link":"","social_tumblr_link":"","social_vimeo_link":"","predictive_search_enabled":false,"predictive_search_show_vendor":false,"predictive_search_show_price":false,"currency_code_enabled":true,"cart_type":"drawer","show_vendor":false,"show_cart_note":false,"cart_drawer_collection":"","cart_color_scheme":"scheme-1","sections":{"main-password-header":{"type":"main-password-header","settings":{"color_scheme":"scheme-4"}},"main-password-footer":{"type":"main-password-footer","settings":{"color_scheme":"scheme-4"}}},"content_for_index":[],"blocks":{"16250556887416161327":{"type":"shopify:\/\/apps\/easy-appointment-booking\/blocks\/select_time\/cc7b690c-65b5-4bb4-a46c-1e4bd73e1c12","disabled":true,"settings":{}},"15659862187755629035":{"type":"shopify:\/\/apps\/bookx\/blocks\/app-embed\/865cd10f-9515-4d8b-8e41-efece9c83f71","disabled":false,"settings":{"enable_cart_validation":true}}},"color_schemes":{"scheme-1":{"settings":{"background":"#ffffff","background_gradient":"radial-gradient(rgba(179, 164, 255, 1), rgba(255, 255, 255, 1) 79%, rgba(255, 255, 255, 1) 100%)","text":"#303232","button":"#303232","button_label":"#ffffff","secondary_button_label":"#5f70b1","shadow":"#303232"}},"scheme-2":{"settings":{"background":"#ffffff","background_gradient":"","text":"#121212","button":"#121212","button_label":"#ffffff","secondary_button_label":"#121212","shadow":"#121212"}},"scheme-3":{"settings":{"background":"#ccc1ff","background_gradient":"","text":"#121212","button":"#000000","button_label":"#ccc1ff","secondary_button_label":"#121212","shadow":"#121212"}},"scheme-4":{"settings":{"background":"#323230","background_gradient":"","text":"#ffffff","button":"#ffffff","button_label":"#000000","secondary_button_label":"#ffffff","shadow":"#121212"}},"scheme-5":{"settings":{"background":"#2346b6","background_gradient":"","text":"#ffffff","button":"#ffffff","button_label":"#2346b6","secondary_button_label":"#ffffff","shadow":"#121212"}},"scheme-e1e8050a-e452-4945-9dc9-93d68e08d890":{"settings":{"background":"#ffffff","background_gradient":"linear-gradient(37deg, rgba(179, 164, 255, 0.44), rgba(255, 255, 255, 1) 79%, rgba(255, 255, 255, 1) 97%)","text":"#303232","button":"#303232","button_label":"#ffffff","secondary_button_label":"#5f70b1","shadow":"#303232"}},"scheme-e8459baf-8438-4c56-b627-c49129acdd9f":{"settings":{"background":"#ffffff","background_gradient":"radial-gradient(rgba(179, 164, 255, 1), rgba(48, 50, 50, 1) 97%, rgba(255, 255, 255, 1) 100%, rgba(48, 50, 50, 1) 100%, rgba(255, 255, 255, 1) 100%)","text":"#303232","button":"#303232","button_label":"#ffffff","secondary_button_label":"#5f70b1","shadow":"#303232"}}}},"presets":{"Default":{"logo_width":60,"color_schemes":{"scheme-1":{"settings":{"background":"#ffffff","background_gradient":"radial-gradient(rgba(179, 164, 255, 1), rgba(255, 255, 255, 1) 79%, rgba(255, 255, 255, 1) 97%)","text":"#121212","button":"#000000","button_label":"#ffffff","secondary_button_label":"#121212","shadow":"#121212"}},"scheme-2":{"settings":{"background":"#ffffff","background_gradient":"","text":"#121212","button":"#121212","button_label":"#ffffff","secondary_button_label":"#121212","shadow":"#121212"}},"scheme-3":{"settings":{"background":"#CCC1FF","background_gradient":"","text":"#121212","button":"#000000","button_label":"#CCC1FF","secondary_button_label":"#121212","shadow":"#121212"}},"scheme-4":{"settings":{"background":"#000000","background_gradient":"","text":"#ffffff","button":"#ffffff","button_label":"#000000","secondary_button_label":"#ffffff","shadow":"#121212"}},"scheme-5":{"settings":{"background":"#2346b6","background_gradient":"","text":"#ffffff","button":"#ffffff","button_label":"#2346b6","secondary_button_label":"#ffffff","shadow":"#121212"}}},"type_header_font":"newsreader_n4","heading_scale":130,"type_body_font":"archivo_n4","body_scale":100,"page_width":1600,"spacing_sections":0,"spacing_grid_horizontal":4,"spacing_grid_vertical":4,"animations_reveal_on_scroll":true,"animations_hover_elements":"none","buttons_border_thickness":1,"buttons_border_opacity":100,"buttons_radius":6,"buttons_shadow_opacity":0,"buttons_shadow_horizontal_offset":0,"buttons_shadow_vertical_offset":4,"buttons_shadow_blur":5,"variant_pills_border_thickness":0,"variant_pills_border_opacity":10,"variant_pills_radius":10,"variant_pills_shadow_opacity":0,"variant_pills_shadow_horizontal_offset":0,"variant_pills_shadow_vertical_offset":4,"variant_pills_shadow_blur":5,"inputs_border_thickness":1,"inputs_border_opacity":100,"inputs_radius":10,"inputs_shadow_opacity":0,"inputs_shadow_horizontal_offset":0,"inputs_shadow_vertical_offset":4,"inputs_shadow_blur":5,"card_style":"card","card_image_padding":0,"card_text_alignment":"left","card_color_scheme":"scheme-4","card_border_thickness":0,"card_border_opacity":10,"card_corner_radius":10,"card_shadow_opacity":0,"card_shadow_horizontal_offset":0,"card_shadow_vertical_offset":4,"card_shadow_blur":5,"collection_card_style":"standard","collection_card_image_padding":0,"collection_card_text_alignment":"left","collection_card_color_scheme":"scheme-4","collection_card_border_thickness":0,"collection_card_border_opacity":10,"collection_card_corner_radius":10,"collection_card_shadow_opacity":0,"collection_card_shadow_horizontal_offset":0,"collection_card_shadow_vertical_offset":4,"collection_card_shadow_blur":5,"blog_card_style":"card","blog_card_image_padding":0,"blog_card_text_alignment":"left","blog_card_color_scheme":"scheme-4","blog_card_border_thickness":0,"blog_card_border_opacity":10,"blog_card_corner_radius":10,"blog_card_shadow_opacity":0,"blog_card_shadow_horizontal_offset":0,"blog_card_shadow_vertical_offset":4,"blog_card_shadow_blur":5,"text_boxes_border_thickness":0,"text_boxes_border_opacity":10,"text_boxes_radius":10,"text_boxes_shadow_opacity":0,"text_boxes_shadow_horizontal_offset":0,"text_boxes_shadow_vertical_offset":4,"text_boxes_shadow_blur":5,"media_border_thickness":0,"media_border_opacity":10,"media_radius":10,"media_shadow_opacity":0,"media_shadow_horizontal_offset":0,"media_shadow_vertical_offset":4,"media_shadow_blur":5,"popup_border_thickness":1,"popup_border_opacity":100,"popup_corner_radius":10,"popup_shadow_opacity":0,"popup_shadow_horizontal_offset":0,"popup_shadow_vertical_offset":4,"popup_shadow_blur":5,"drawer_border_thickness":1,"drawer_border_opacity":100,"drawer_shadow_opacity":0,"drawer_shadow_horizontal_offset":0,"drawer_shadow_vertical_offset":4,"drawer_shadow_blur":5,"badge_position":"bottom left","badge_corner_radius":40,"sale_badge_color_scheme":"scheme-5","sold_out_badge_color_scheme":"scheme-4","brand_headline":"","brand_description":"<p><\/p>","brand_image_width":100,"social_twitter_link":"","social_facebook_link":"","social_pinterest_link":"","social_instagram_link":"","social_tiktok_link":"","social_tumblr_link":"","social_snapchat_link":"","social_youtube_link":"","social_vimeo_link":"","predictive_search_enabled":true,"predictive_search_show_vendor":false,"predictive_search_show_price":false,"currency_code_enabled":true,"cart_type":"drawer","show_vendor":false,"show_cart_note":false,"cart_drawer_collection":"","cart_color_scheme":"scheme-1","sections":{"main-password-header":{"type":"main-password-header","settings":{"color_scheme":"scheme-4"}},"main-password-footer":{"type":"main-password-footer","settings":{"color_scheme":"scheme-4"}}}}}}