{"sections":{"main":{"type":"main-page","disabled":true,"settings":{"padding_top":28,"padding_bottom":28}},"image_banner_tiptDD":{"type":"image-banner","blocks":{"heading_rRgaDV":{"type":"heading","settings":{"heading":"<strong>Trygghet og kvalitet i hvert oppdrag<\/strong>","heading_size":"h2"}},"text_idteEx":{"type":"text","settings":{"text":"Vi leverer rørleggertjenester med personlig oppfølging og lokalkunnskap i Nome, Bø og Midt-Telemark. Bestill en gratis vurdering i dag!","text_style":"subtitle"}},"buttons_8Kqy3e":{"type":"buttons","settings":{"button_label_1":"Snakk med oss","button_link_1":"shopify:\/\/pages\/kontakt","button_style_secondary_1":false,"button_label_2":"","button_link_2":"","button_style_secondary_2":false}}},"block_order":["heading_rRgaDV","text_idteEx","buttons_8Kqy3e"],"name":"t:sections.image-banner.presets.name","settings":{"image":"shopify:\/\/shop_images\/nome-ror-as-banner-optimized.jpg","image_overlay_opacity":0,"image_height":"adapt","image_behavior":"ambient","desktop_content_position":"bottom-right","desktop_content_alignment":"right","show_text_box":true,"color_scheme":"scheme-1","stack_images_on_mobile":false,"mobile_content_alignment":"right","show_text_below":true}},"image_with_text_Ab4yVp":{"type":"image-with-text","blocks":{"heading_cY9WQC":{"type":"heading","settings":{"heading":"Nome Rør AS er din lokale rørlegger i Nome, Bø og Midt-Telemark.","heading_size":"h2"}},"text_aNPVkf":{"type":"text","settings":{"text":"<p><strong>Nome Rør<\/strong> er et autorisert rørleggerfirma i Nome i Telemark, spesialisert på moderne og pålitelige <strong>rørleggertjenester<\/strong> for privatpersoner, bedrifter, borettslag og sameier i <strong>Nome, Midt-Telemark, Bø<\/strong> og omegn. Rørleggermester<strong> Kjetil Høidalen<\/strong> har lang erfaring fra rørleggerbransjen og er opptatt av <strong>kvalitet<\/strong> i alle ledd – fra første kontakt til ferdig utført arbeid.<\/p>","text_style":"body"}},"button_LzNnex":{"type":"button","settings":{"button_label":"Bestill en befaring","button_link":"shopify:\/\/pages\/kontakt","button_style_secondary":false}}},"block_order":["heading_cY9WQC","text_aNPVkf","button_LzNnex"],"name":"t:sections.image-with-text.presets.name","settings":{"image":"shopify:\/\/shop_images\/Nome_komm.png","height":"adapt","desktop_image_width":"small","layout":"text_first","image_behavior":"none","content_layout":"no-overlap","desktop_content_position":"top","desktop_content_alignment":"left","mobile_content_alignment":"left","section_color_scheme":"scheme-2","color_scheme":"scheme-2","padding_top":36,"padding_bottom":36}},"multirow_KN8yMR":{"type":"multirow","blocks":{"row_LM8xK7":{"type":"row","settings":{"image":"shopify:\/\/shop_images\/envato-labs-image-edit.png","caption":"Tjenester","heading":"<strong>Tette rør og avløp<\/strong>","text":"<p>Har du tette rør, tett sluk eller problemer med avløp i bolig eller næringsbygg? Vi tilbyr effektiv åpning, rensing og vedlikehold av avløpssystemer for å forhindre skader og sikre god drift.<\/p>","button_label":"","button_link":""}},"row_cQ6Thn":{"type":"row","settings":{"image":"shopify:\/\/shop_images\/worried-woman-mopping-up-water-from-a-burst-pipe-w-2024-10-19-15-54-13-utc.jpg","caption":"Tjenester","heading":"<strong>Lekkasjer og reparasjoner<\/strong>","text":"<p>Vannlekkasje under kjøkkenbenken, dryppende kran eller do som renner? Vi rykker ut raskt og utfører reparasjoner på alt fra rør og koblinger til kraner og sanitærutstyr – for en trygg og skadefri hverdag.<\/p>","button_label":"","button_link":""}},"row_CfaTYU":{"type":"row","settings":{"image":"shopify:\/\/shop_images\/3d-rendering-wood-and-tile-design-bathroom-near-wi-2025-01-07-12-18-14-utc.jpg","caption":"Tjenester","heading":"<strong>Baderoms-rehabilitering og oppussing<\/strong>","text":"<p>Drømmer du om nytt bad? Vi tar hele prosessen fra befaring og planlegging til ferdigstilt bad. Vi hjelper med design, søknadsprosesser og prosjektledelse, og sørger for forskriftsmessig utførelse i alle ledd.<\/p>","button_label":"","button_link":""}}},"block_order":["row_LM8xK7","row_cQ6Thn","row_CfaTYU"],"name":"Tjenester","settings":{"image_height":"medium","desktop_image_width":"medium","image_layout":"alternate-left","heading_size":"h2","text_style":"subtitle","button_style":"secondary","desktop_content_position":"middle","desktop_content_alignment":"left","mobile_content_alignment":"left","section_color_scheme":"scheme-2","row_color_scheme":"scheme-1","padding_top":36,"padding_bottom":4}},"multirow_AtxbeY":{"type":"multirow","blocks":{"row_HYx4Dg":{"type":"row","settings":{"image":"shopify:\/\/shop_images\/water-and-wastewater-pipeline-installation-2025-04-02-14-34-27-utc.jpg","caption":"Tjenester","heading":"<strong>Nyinstallasjon og modernisering<\/strong>","text":"<p>Vi utfører rørleggerarbeid i nybygg, tilbygg, hytter og næringsbygg. Våre løsninger er moderne og tilpasset dagens krav til energieffektivitet og komfort.<\/p>","button_label":"","button_link":""}},"row_Lwfp4L":{"type":"row","settings":{"image":"shopify:\/\/shop_images\/maintenance-technician-checking-pressure-meters-2025-01-08-14-13-18-utc.jpg","caption":"Tjenester","heading":"<strong>Service og vedlikehold<\/strong>","text":"<p>Regelmessig service og vedlikehold av rørsystemer og varmeanlegg gir økt levetid og trygg drift. Vi tilbyr serviceavtaler til både private og bedrifter i hele regionen.<\/p>","button_label":"","button_link":""}},"row_GtmAFV":{"type":"row","settings":{"image":"shopify:\/\/shop_images\/plumber-fixes-nut-of-shower-faucet-close-up-2024-10-18-05-59-16-utc.jpg","caption":"Tjenester","heading":"<strong>Akutthjelp og rørleggervakt<\/strong>","text":"<p>Opplever du akutt vannlekkasje eller andre rørleggerproblemer? Vi tilbyr rørleggervakt og akutt utrykning, slik at du får rask hjelp når du trenger det mest – enten du bor i Nome, Bø, Midt-Telemark eller omegn.<\/p>","button_label":"Akutt hjelp!","button_link":"shopify:\/\/pages\/kontakt"}}},"block_order":["row_HYx4Dg","row_Lwfp4L","row_GtmAFV"],"name":"Tjenester","settings":{"image_height":"medium","desktop_image_width":"medium","image_layout":"alternate-right","heading_size":"h2","text_style":"subtitle","button_style":"primary","desktop_content_position":"middle","desktop_content_alignment":"left","mobile_content_alignment":"left","section_color_scheme":"scheme-2","row_color_scheme":"scheme-1","padding_top":4,"padding_bottom":4}},"multirow_hNUmG7":{"type":"multirow","blocks":{"row_Hpp9eC":{"type":"row","settings":{"image":"shopify:\/\/shop_images\/skilled-worker-installing-plumbing-in-a-new-constr-2025-05-27-17-58-52-utc.jpg","caption":"Tjenester","heading":"<strong>Rørinspeksjon<\/strong>","text":"<p>Få full oversikt over rørene dine – uten graving eller unødvendig oppussing! Vi tilbyr rørinspeksjon med kamera for å avdekke tette rør, lekkasjer og skader før de blir kostbare. Rørinspeksjon passer perfekt ved gjentatte problemer, boligkjøp eller renovering. Med tidlig oppdagelse sparer du tid, penger og bekymringer.<\/p>","button_label":"","button_link":""}},"row_Hzyi3H":{"type":"row","settings":{"image":"shopify:\/\/shop_images\/cute-bengal-cat-drinking-water-with-tongue-from-ta-2025-03-11-04-21-36-utc.jpg","caption":"Tjenester","heading":"<strong>Befaring<\/strong>","text":"<p>Planlegger du oppussing, nyinstallasjon eller har problemer med rørene? Vi tilbyr uforpliktende befaring. En fagperson vurderer tilstanden, kartlegger behov og gir deg gode råd tilpasset ditt prosjekt. Etter befaringen får du konkrete anbefalinger og et tydelig pristilbud.<\/p>","button_label":"Book befaring","button_link":"shopify:\/\/pages\/kontakt"}},"row_HicEbX":{"type":"row","settings":{"image":"shopify:\/\/shop_images\/bathroom-interior-with-toilet-bowl-2025-04-01-08-38-21-utc.jpg","caption":"Tjenester","heading":"<strong>Sanitær<\/strong>","text":"<p>Trygt vann, sikkert avløp og moderne løsninger! Vi hjelper deg med alt fra montering av kraner og toaletter til komplette sanitæranlegg i nybygg og ved rehabilitering. Vi bruker kvalitetsprodukter for å sikre god funksjon, helse og miljø.<\/p>","button_label":"Kontakt oss om sanitær","button_link":"shopify:\/\/pages\/kontakt"}}},"block_order":["row_Hpp9eC","row_Hzyi3H","row_HicEbX"],"name":"Tjenester","settings":{"image_height":"medium","desktop_image_width":"medium","image_layout":"alternate-left","heading_size":"h2","text_style":"subtitle","button_style":"primary","desktop_content_position":"middle","desktop_content_alignment":"left","mobile_content_alignment":"left","section_color_scheme":"scheme-2","row_color_scheme":"scheme-1","padding_top":4,"padding_bottom":24}},"image_with_text_mFWeYb":{"type":"image-with-text","blocks":{"heading_xHUb9U":{"type":"heading","settings":{"heading":"Åpningstider","heading_size":"h1"}},"text_3CHpVg":{"type":"text","settings":{"text":"<p><strong>Mandag - Fredag: 09 - 17<br\/>Tilgjengelig utenom åpningstider ved akutte behov.<\/strong><\/p>","text_style":"body"}},"button_UnMRJQ":{"type":"button","settings":{"button_label":"Kontakt oss gjerne – vi svarer raskt!","button_link":"shopify:\/\/pages\/kontakt","button_style_secondary":false}}},"block_order":["heading_xHUb9U","text_3CHpVg","button_UnMRJQ"],"name":"Åpningstider","settings":{"image":"shopify:\/\/shop_images\/GYGRESTROLEN-v1.jpg","height":"small","desktop_image_width":"medium","layout":"text_first","image_behavior":"none","content_layout":"no-overlap","desktop_content_position":"top","desktop_content_alignment":"left","mobile_content_alignment":"right","section_color_scheme":"scheme-2","color_scheme":"scheme-2","padding_top":36,"padding_bottom":36}},"custom_liquid_r8KTwx":{"type":"custom-liquid","name":"t:sections.custom-liquid.presets.name","settings":{"custom_liquid":"<div style=\"width: 100%; position: center; padding-bottom: 56.25%; height: 0; overflow: hidden;\">\n  <iframe \n    src=\"https:\/\/www.google.com\/maps\/embed?pb=!1m18!1m12!1m3!1d3120.20259959591!2d9.039991154302799!3d59.36790638258423!2m3!1f0!2f0!3f0!3m2!1i1024!2i768!4f13.1!3m3!1m2!1s0x464748c9b6520507%3A0xb8a06b0d148d153b!2sNordskogvegen%2046%2C%203825%20Lunde!5e1!3m2!1sno!2sno!4v1752144470163!5m2!1sno!2sno\" width=\"1080\" height=\"800\" style=\"border:0;\" allowfullscreen=\"\" loading=\"lazy\" referrerpolicy=\"no-referrer-when-downgrade\"><\/iframe>\" \n  <\/iframe>\n<\/div>","color_scheme":"scheme-2","padding_top":0,"padding_bottom":0}},"contact_form_dQUnjj":{"type":"contact-form","name":"t:sections.contact-form.presets.name","settings":{"heading":"Har du spørsmål om noe med rør?","heading_size":"h2","color_scheme":"","padding_top":36,"padding_bottom":36}},"image_banner_R79VnD":{"type":"image-banner","blocks":{"heading_3M6QRz":{"type":"heading","settings":{"heading":"","heading_size":"h1"}},"text_j6DdMG":{"type":"text","settings":{"text":"","text_style":"body"}},"buttons_nXHNbE":{"type":"buttons","settings":{"button_label_1":"","button_link_1":"","button_style_secondary_1":false,"button_label_2":"","button_link_2":"","button_style_secondary_2":false}}},"block_order":["heading_3M6QRz","text_j6DdMG","buttons_nXHNbE"],"name":"Footer","settings":{"image":"shopify:\/\/shop_images\/nome-ror-logo-optimized.jpg","image_overlay_opacity":0,"image_height":"adapt","image_behavior":"none","desktop_content_position":"middle-center","desktop_content_alignment":"center","show_text_box":false,"color_scheme":"","stack_images_on_mobile":false,"mobile_content_alignment":"center","show_text_below":false}}},"order":["main","image_banner_tiptDD","image_with_text_Ab4yVp","multirow_KN8yMR","multirow_AtxbeY","multirow_hNUmG7","image_with_text_mFWeYb","custom_liquid_r8KTwx","contact_form_dQUnjj","image_banner_R79VnD"]}