{"name":"t:sections.header.name","type":"header","sections":{"announcement-bar":{"type":"announcement-bar","blocks":{"announcement-bar-0":{"type":"announcement","settings":{"text":"BESTILL EN BEFARING - HELT UFORPLIKTENDE","link":"shopify:\/\/pages\/kontakt"}},"announcement_78Hfzz":{"type":"announcement","settings":{"text":"Welcome to our store","link":""}},"announcement_97CiR7":{"type":"announcement","settings":{"text":"Welcome to our store","link":""}}},"block_order":["announcement-bar-0","announcement_78Hfzz","announcement_97CiR7"],"settings":{"auto_rotate":false,"change_slides_speed":5,"color_scheme":"scheme-2","show_line_separator":true,"show_social":false,"enable_country_selector":false,"enable_language_selector":false}},"header":{"type":"header","settings":{"logo_position":"middle-left","mobile_logo_position":"center","menu":"main-menu","menu_type_desktop":"dropdown","sticky_header_type":"none","show_line_separator":true,"color_scheme":"scheme-2","menu_color_scheme":"scheme-2","enable_country_selector":true,"enable_language_selector":true,"enable_customer_avatar":false,"margin_bottom":0,"padding_top":8,"padding_bottom":8}}},"order":["announcement-bar","header"]}