{"name":"t:sections.header.name","type":"header","sections":{"announcement-bar":{"type":"announcement-bar","blocks":{"announcement-bar-0":{"type":"announcement","disabled":true,"settings":{"text":"Welcome to our store","link":""}},"announcement_FiADmU":{"type":"announcement","settings":{"text":"BOOK EN GRATIS KONSULTASJON NÅ","link":"https:\/\/nesheimvatten.no\/pages\/kontakt"}}},"block_order":["announcement-bar-0","announcement_FiADmU"],"settings":{"auto_rotate":false,"change_slides_speed":5,"color_scheme":"scheme-4","show_line_separator":true,"show_social":false,"enable_country_selector":false,"enable_language_selector":false}},"header":{"type":"header","settings":{"logo_position":"top-center","mobile_logo_position":"center","menu":"main-menu","menu_type_desktop":"dropdown","sticky_header_type":"on-scroll-up","show_line_separator":false,"color_scheme":"scheme-1","menu_color_scheme":"scheme-2","enable_country_selector":true,"enable_language_selector":true,"enable_customer_avatar":true,"margin_bottom":0,"padding_top":36,"padding_bottom":24}}},"order":["announcement-bar","header"]}