{"sections":{"main-collection-banner":{"type":"main-collection-banner","disabled":true,"settings":{"show_collection_description":false,"show_collection_image":false,"color_scheme":"scheme-1"}},"main-collection-product-grid":{"type":"main-collection-product-grid","settings":{"products_per_page":24,"columns_desktop":3,"columns_mobile":"2","color_scheme":"scheme-1","image_ratio":"adapt","image_shape":"default","show_secondary_image":true,"show_vendor":true,"show_rating":false,"quick_add":"none","enable_filtering":true,"filter_type":"horizontal","enable_sorting":true,"padding_top":8,"padding_bottom":80}}},"order":["main-collection-banner","main-collection-product-grid"]}