{"sections":{"rich-text-1":{"type":"rich-text","settings":{"desktop_content_position":"center","content_alignment":"center","color_scheme":"scheme-1","full_width":true,"padding_top":4,"padding_bottom":4}},"slideshow_gEmdAy":{"type":"slideshow","blocks":{"slide_Ya7ApG":{"type":"slide","settings":{"image":"shopify:\/\/shop_images\/Asset_3.svg","image_overlay_opacity":0,"heading":"<strong>MERKEVARE-LØSNINGER SOM SKAPER VEKST<\/strong>","heading_size":"h1","subheading":"<em><strong>NESHEIM & VATTEN løfter merkevaren din med nettløsninger, markedsføring, merkevarebygging, SEO og SEM – alltid med fokus på resultater og kontinuerlig forbedring.<\/strong><\/em>","button_label":"> Kom i gang med et møte","link":"shopify:\/\/pages\/kontakt","button_style_secondary":false,"show_text_box":false,"box_align":"top-right","text_alignment":"right","text_alignment_mobile":"center","color_scheme":"scheme-1"}}},"block_order":["slide_Ya7ApG"],"settings":{"layout":"full_bleed","slide_height":"medium","slider_visual":"counter","auto_rotate":false,"change_slides_speed":5,"image_behavior":"none","show_text_below":true,"accessibility_info":"Slideshow about our brand"}},"rich_text_pg4aaL":{"type":"rich-text","blocks":{"heading_3H4NBF":{"type":"heading","settings":{"heading":"<strong>Våre tjenester er designet for å skape resultater: <\/strong>Vi kombinerer over 30 års erfaring med strategisk kompetanse for å styrke din posisjon – fra merkevarebygging til avanserte digitale løsninger.","heading_size":"h2"}},"button_kCHz88":{"type":"button","settings":{"button_label":"","button_link":"shopify:\/\/pages\/om-oss","button_style_secondary":false,"button_label_2":"","button_link_2":"","button_style_secondary_2":true}}},"block_order":["heading_3H4NBF","button_kCHz88"],"name":"t:sections.rich-text.presets.name","settings":{"desktop_content_position":"left","content_alignment":"left","color_scheme":"scheme-1","full_width":true,"padding_top":100,"padding_bottom":48}},"collapsible_content_3f7wHK":{"type":"collapsible-content","blocks":{"collapsible_row_MKRgFK":{"type":"collapsible_row","settings":{"heading":"Nettsider & digital markedsføring","icon":"none","row_content":"<p>Vi utvikler brukervennlige nettsteder og kampanjer som engasjerer og konverterer – alltid med strategisk mål i fokus.<\/p>","page":""}},"collapsible_row_TcUKbE":{"type":"collapsible_row","settings":{"heading":"E-handel & salgskanaler","icon":"none","row_content":"<p><br\/>Vi optimaliserer nettbutikken din og støtter salg gjennom alle relevante kanaler for maksimal vekst og lojalitet.<\/p>","page":""}},"collapsible_row_Q3N8dx":{"type":"collapsible_row","settings":{"heading":"Innholdsproduksjon","icon":"none","row_content":"<p>Skap kvalitetsinnhold som treffer målgruppen – fra video og animasjon til tekst og sosiale medier.<\/p>","page":""}},"collapsible_row_49EejT":{"type":"collapsible_row","settings":{"heading":"Grafisk design & fotografi","icon":"none","row_content":"<p>Vi leverer visuelle identiteter og profesjonelle designløsninger som styrker merkevaren på alle flater.<\/p>","page":""}},"collapsible_row_MKzWtc":{"type":"collapsible_row","settings":{"heading":"SEO & SEM-optimalisering","icon":"none","row_content":"<p>Øk synlighet digitalt med strategisk søkemotoroptimalisering og målrettet annonsering for målbare resultater.<\/p>","page":""}},"collapsible_row_xqH4za":{"type":"collapsible_row","settings":{"heading":"CRM & Sosiale medier","icon":"none","row_content":"<p>Bygg relasjoner gjennom automatisert CRM, e-postmarkedsføring og skreddersydde kampanjer på sosiale medier.<\/p>","page":""}}},"block_order":["collapsible_row_MKRgFK","collapsible_row_TcUKbE","collapsible_row_Q3N8dx","collapsible_row_49EejT","collapsible_row_MKzWtc","collapsible_row_xqH4za"],"name":"t:sections.collapsible_content.presets.name","settings":{"caption":"","heading":"","heading_size":"h1","heading_alignment":"center","layout":"none","container_color_scheme":"","color_scheme":"scheme-1","open_first_collapsible_row":false,"image_ratio":"adapt","desktop_layout":"image_second","padding_top":60,"padding_bottom":60}},"multicolumn_YQYzb7":{"type":"multicolumn","blocks":{"column_cgBXfg":{"type":"column","settings":{"image":"shopify:\/\/shop_images\/3_1468bbca-fce1-48fa-a29f-c69eb0c83980.png","title":"<strong>Shopify<\/strong>","text":"<p>Skap en sømløs handelsopplevelse som øker kundelojalitet og maksimerer omsetning via en verdensledende netthandelsplattform.<\/p>","link_label":"","link":""}},"column_y3YwqJ":{"type":"column","settings":{"image":"shopify:\/\/shop_images\/1_552ce2f7-0859-489b-afcf-b7dcb3581cc4.png","title":"<strong>Google<\/strong>","text":"<p>Dominér søkemarkedet med datadrevet innsikt, presise målgrupper og kontinuerlig optimalisering for maksimal synlighet og avkastning.<\/p>","link_label":"","link":""}},"column_cfhXeK":{"type":"column","disabled":true,"settings":{"title":"Meta Business Suite","text":"<p>Skaler globalt gjennom verdens største e-handelsmarkeder, med strategier som maksimerer eksponering, salg og lønnsomhet.<\/p>","link_label":"","link":""}}},"block_order":["column_cgBXfg","column_y3YwqJ","column_cfhXeK"],"settings":{"title":"","heading_size":"h1","image_width":"full","image_ratio":"adapt","button_label":"","button_link":"","columns_desktop":2,"column_alignment":"left","background_style":"primary","color_scheme":"scheme-1","columns_mobile":"1","swipe_on_mobile":false,"padding_top":60,"padding_bottom":60}},"multicolumn_GkUWyH":{"type":"multicolumn","blocks":{"column_w3GYcb":{"type":"column","settings":{"title":"<strong>Amazon<\/strong>","text":"<p>Optimalisering av produktoppføringer og målrettet annonsering for økt salg på Amazon-plattformen.<\/p>","link_label":"","link":""}},"column_mDCRYF":{"type":"column","settings":{"title":"<strong>Meta Business Suite<\/strong>","text":"<p>Effektiv administrasjon av kampanjer, remarketing og innsikt på Facebook og Instagram.<\/p>","link_label":"","link":""}},"column_3artJn":{"type":"column","settings":{"title":"<strong>Adobe Creative Cloud<\/strong>","text":"<p>Profesjonell produksjon av grafikk, animasjoner og videoer som tydeliggjør merkevaren din.<\/p>","link_label":"","link":""}},"column_bamPRD":{"type":"column","settings":{"title":"<strong>AI & Automatisering<\/strong>","text":"<p>Effektivisering av arbeidsflyt gjennom AI-verktøy, chatboter og automatisert dataanalyse.<\/p>","link_label":"","link":""}}},"block_order":["column_w3GYcb","column_mDCRYF","column_3artJn","column_bamPRD"],"settings":{"title":"","heading_size":"h1","image_width":"full","image_ratio":"adapt","button_label":"","button_link":"","columns_desktop":4,"column_alignment":"left","background_style":"primary","color_scheme":"scheme-1","columns_mobile":"1","swipe_on_mobile":false,"padding_top":60,"padding_bottom":60}},"multicolumn_bmQe8h":{"type":"multicolumn","blocks":{"column_WtpBkE":{"type":"column","settings":{"image":"shopify:\/\/shop_images\/KPMG_c8d51539-801c-4c87-8128-106402d920da.svg","title":"","text":"","link_label":"","link":""}},"column_qGk7bL":{"type":"column","settings":{"image":"shopify:\/\/shop_images\/Boss.svg","title":"","text":"","link_label":"","link":""}},"column_zUCRcm":{"type":"column","settings":{"image":"shopify:\/\/shop_images\/equinor.svg","title":"","text":"","link_label":"","link":""}},"column_PcPQ7D":{"type":"column","settings":{"image":"shopify:\/\/shop_images\/Nordic.svg","title":"","text":"","link_label":"","link":""}},"column_EzDnPe":{"type":"column","settings":{"image":"shopify:\/\/shop_images\/Bertoni.svg","title":"","text":"","link_label":"","link":""}},"column_Lbm3XE":{"type":"column","settings":{"image":"shopify:\/\/shop_images\/Meta.svg","title":"","text":"","link_label":"","link":""}}},"block_order":["column_WtpBkE","column_qGk7bL","column_zUCRcm","column_PcPQ7D","column_EzDnPe","column_Lbm3XE"],"custom_css":[],"name":"t:sections.multicolumn.presets.name","settings":{"title":"","heading_size":"h2","image_width":"full","image_ratio":"adapt","button_label":"","button_link":"","columns_desktop":6,"column_alignment":"center","background_style":"none","color_scheme":"scheme-1","columns_mobile":"2","swipe_on_mobile":true,"padding_top":60,"padding_bottom":28}},"175015402959ae9000":{"type":"apps","blocks":{"bookx_app_blocks_P3WWLy":{"type":"shopify:\/\/apps\/bookx\/blocks\/app-blocks\/865cd10f-9515-4d8b-8e41-efece9c83f71","settings":{"bookeasy-app-id":"9dUcE27hMDNChuiBVjjcXj","bookeasy-app-title":"","bookeasy-app-subtitle":"GRATIS RÅDGIVNING – HELT UFORPLIKTENDE","bookeasy-app-description":"> Book en 15-minutters samtale med en av våre konsulenter.","bookeasy-app-alignment":"center"}}},"block_order":["bookx_app_blocks_P3WWLy"],"settings":{"include_margins":true}},"contact_form_ecBhXe":{"type":"contact-form","name":"t:sections.contact-form.presets.name","settings":{"heading":"Skriv til oss!","heading_size":"h1","color_scheme":"scheme-1","padding_top":36,"padding_bottom":36}},"slideshow_b4X9Dx":{"type":"slideshow","blocks":{"slide_xheCp8":{"type":"slide","settings":{"image":"shopify:\/\/shop_images\/nesheim-vatten-footer-digital-markedsforing-webdesign-norge.webp","image_overlay_opacity":0,"heading":"","heading_size":"h2","subheading":"","button_label":"","link":"","button_style_secondary":false,"show_text_box":false,"box_align":"middle-center","text_alignment":"center","text_alignment_mobile":"center","color_scheme":""}}},"block_order":["slide_xheCp8"],"name":"t:sections.slideshow.presets.name","settings":{"layout":"full_bleed","slide_height":"small","slider_visual":"counter","auto_rotate":false,"change_slides_speed":5,"image_behavior":"none","show_text_below":false,"accessibility_info":"Slideshow about our brand"}}},"order":["rich-text-1","slideshow_gEmdAy","rich_text_pg4aaL","collapsible_content_3f7wHK","multicolumn_YQYzb7","multicolumn_GkUWyH","multicolumn_bmQe8h","175015402959ae9000","contact_form_ecBhXe","slideshow_b4X9Dx"]}