{"sections":{"rich_text_kV38cF":{"type":"rich-text","blocks":{"heading_TBhiAf":{"type":"heading","settings":{"heading":"Hør mer om hvordan NESHEIM & VATTEN kan hjelpe deg: Book en uforpliktende konsultasjon eller send inn en forespørsel for et møte.","heading_size":"h2"}}},"block_order":["heading_TBhiAf"],"name":"t:sections.rich-text.presets.name","settings":{"desktop_content_position":"right","content_alignment":"right","color_scheme":"","full_width":true,"padding_top":48,"padding_bottom":12}},"main":{"type":"main-page","disabled":true,"settings":{"padding_top":36,"padding_bottom":36}},"175005948779b07d28":{"type":"apps","blocks":{"bookx_app_blocks_nGQpAK":{"type":"shopify:\/\/apps\/bookx\/blocks\/app-blocks\/865cd10f-9515-4d8b-8e41-efece9c83f71","settings":{"bookeasy-app-id":"9dUcE27hMDNChuiBVjjcXj","bookeasy-app-title":"","bookeasy-app-subtitle":"GRATIS RÅDGIVNING – HELT UFORPLIKTENDE","bookeasy-app-description":">  Book en 15-minutters samtale med en av våre konsulenter.","bookeasy-image-url":"shopify:\/\/shop_images\/Square_Logo_SVG.svg","bookeasy-app-alignment":"center"}}},"block_order":["bookx_app_blocks_nGQpAK"],"settings":{"include_margins":true}},"contact_form_WpdnPg":{"type":"contact-form","name":"t:sections.contact-form.presets.name","settings":{"heading":"Skriv til oss!","heading_size":"h1","color_scheme":"","padding_top":68,"padding_bottom":36}},"slideshow_DRPbYn":{"type":"slideshow","blocks":{"slide_bdcH8w":{"type":"slide","settings":{"image":"shopify:\/\/shop_images\/nesheim-vatten-footer-digital-markedsforing-webdesign-norge.webp","image_overlay_opacity":0,"heading":"","heading_size":"h2","subheading":"","button_label":"","link":"","button_style_secondary":false,"show_text_box":false,"box_align":"middle-center","text_alignment":"center","text_alignment_mobile":"center","color_scheme":""}}},"block_order":["slide_bdcH8w"],"name":"t:sections.slideshow.presets.name","settings":{"layout":"full_bleed","slide_height":"small","slider_visual":"counter","auto_rotate":false,"change_slides_speed":5,"image_behavior":"none","show_text_below":false,"accessibility_info":"Slideshow about our brand"}}},"order":["rich_text_kV38cF","main","175005948779b07d28","contact_form_WpdnPg","slideshow_DRPbYn"]}