{"sections":{"main":{"type":"main-page","disabled":true,"settings":{"padding_top":36,"padding_bottom":36}},"video_Fcnmmt":{"type":"video","name":"Elvefestivalen","settings":{"heading":"Elvefestivalen","heading_size":"h2","enable_video_looping":false,"video":"shopify:\/\/files\/videos\/elvefestivalen (1080p).mp4","video_url":"","description":"","full_width":false,"color_scheme":"","padding_top":36,"padding_bottom":36}},"video_P9EptQ":{"type":"video","name":"Bydue Promo","settings":{"heading":"Bydue Promo","heading_size":"h2","enable_video_looping":false,"video":"shopify:\/\/files\/videos\/bydue_promo (1080p).mp4","video_url":"","description":"","full_width":false,"color_scheme":"","padding_top":36,"padding_bottom":36}},"video_hD4DnE":{"type":"video","name":"KYGO Fall Tour - Hawaii + Japan","settings":{"heading":"KYGO Fall Tour - Hawaii + Japan","heading_size":"h2","enable_video_looping":false,"video":"shopify:\/\/files\/videos\/kygo_fall_tour_-_hawaii_+_japan (1080p).mp4","video_url":"","description":"","full_width":false,"color_scheme":"","padding_top":36,"padding_bottom":36}},"video_PHYwwD":{"type":"video","name":"Martin Garrix & DubVision feat. Shaun Farrugia - Wherever You Are (Official Video)","settings":{"heading":"Martin Garrix & DubVision feat. Shaun Farrugia - Wherever You Are (Official Video)","heading_size":"h2","enable_video_looping":false,"video":"shopify:\/\/files\/videos\/martin_garrix_&_dubvision_feat._shaun_farrugia_-_wherever_you_are_(official_video) (1080p).mp4","video_url":"","description":"","full_width":false,"color_scheme":"","padding_top":36,"padding_bottom":36}},"video_j6cxf7":{"type":"video","name":"Ode To Clarity","settings":{"heading":"Ode To Clarity","heading_size":"h2","enable_video_looping":false,"video":"shopify:\/\/files\/videos\/ode_to_clarity (1080p).mp4","video_url":"https:\/\/www.youtube.com\/watch?v=_9VUPq3SxOc","description":"","full_width":false,"color_scheme":"","padding_top":36,"padding_bottom":36}},"video_AyxfQY":{"type":"video","name":"KPMG Sykehuspartner 2025","settings":{"heading":"KPMG Sykehuspartner 2025","heading_size":"h2","enable_video_looping":false,"video":"shopify:\/\/files\/videos\/kpmg_sykehuspartner_2025 (1080p).mp4","video_url":"","description":"","full_width":false,"color_scheme":"","padding_top":36,"padding_bottom":36}},"video_iARnaD":{"type":"video","name":"KPMG OUS 2024","settings":{"heading":"KPMG OUS 2024","heading_size":"h2","enable_video_looping":false,"video":"shopify:\/\/files\/videos\/kpmg_ous_2024 (1080p).mp4","video_url":"","description":"","full_width":false,"color_scheme":"","padding_top":36,"padding_bottom":36}},"video_VxbaDB":{"type":"video","name":"South Pacific","settings":{"heading":"South Pacific Memories Banner Video","heading_size":"h2","enable_video_looping":true,"video":"shopify:\/\/files\/videos\/south_pacific_memories_banner_video (540p).mp4","video_url":"https:\/\/vimeo.com\/1099947940\/3ecec78108","cover_image":"shopify:\/\/shop_images\/Asset_31.png","description":"South Pacific Memories Banner Video","full_width":false,"color_scheme":"","padding_top":36,"padding_bottom":36}},"video_cwwPtm":{"type":"video","name":"Papirfly - GREV","settings":{"heading":"Papirfly - GREV","heading_size":"h2","enable_video_looping":false,"video":"shopify:\/\/files\/videos\/papirfly_-_grev (1080p).mp4","video_url":"","description":"","full_width":false,"color_scheme":"","padding_top":36,"padding_bottom":36}},"video_mbCgwE":{"type":"video","name":"Rockefeller Lightshow - Decosystema Vol. 1","settings":{"heading":"ROCKEFELLER Lightshow - Decosystema Vol. 1","heading_size":"h2","enable_video_looping":false,"video":"shopify:\/\/files\/videos\/rockefeller_light_show_-_decosystema (1080p).mp4","video_url":"","description":"","full_width":false,"color_scheme":"","padding_top":36,"padding_bottom":36}}},"order":["main","video_Fcnmmt","video_P9EptQ","video_hD4DnE","video_PHYwwD","video_j6cxf7","video_AyxfQY","video_iARnaD","video_VxbaDB","video_cwwPtm","video_mbCgwE"]}