{"sections":{"main":{"type":"main-page","disabled":true,"settings":{"padding_top":36,"padding_bottom":36}},"image_with_text_Yrn9CV":{"type":"image-with-text","blocks":{"heading_pCNRTj":{"type":"heading","settings":{"heading":"NESHEIM & VATTEN","heading_size":"h1"}},"caption_K7t9Ck":{"type":"caption","settings":{"caption":"> Hjelper din bedrift med kreative, digitale løsninger","text_style":"caption-with-letter-spacing","text_size":"large"}},"text_N7Dxh3":{"type":"text","settings":{"text":"<p>Nesheim & Vatten er digitalbyrået som får merkevaren din til å vokse. Vårt team består av erfarne utviklere, designere, markedsførere og foto-\/videografer med over 30 års samlet erfaring. Vi designer nettsider som konverterer, skaper kampanjer som treffer målgruppen, og optimaliserer merkevaren din for maksimal synlighet og økt salg. Hos oss får du ikke bare gode løsninger – du får løsninger som virker.<\/p>","text_style":"subtitle"}}},"block_order":["heading_pCNRTj","caption_K7t9Ck","text_N7Dxh3"],"name":"t:sections.image-with-text.presets.name","settings":{"image":"shopify:\/\/shop_images\/nesheim-vatten-logo-digital-markedsforing-webdesign-norge.webp","height":"medium","desktop_image_width":"small","layout":"image_first","image_behavior":"zoom-in","content_layout":"overlap","desktop_content_position":"middle","desktop_content_alignment":"left","mobile_content_alignment":"left","section_color_scheme":"","color_scheme":"","padding_top":36,"padding_bottom":36}},"collapsible_content_P3BEGB":{"type":"collapsible-content","blocks":{"collapsible_row_DDJWwW":{"type":"collapsible_row","settings":{"heading":"Innsikt & Strategi","icon":"none","row_content":"<p>Vi kartlegger mål og utfordringer gjennom workshops og analyser, og utarbeider en konkret strategi med tydelige målsettinger.<\/p>","page":""}},"collapsible_row_wYqm6H":{"type":"collapsible_row","settings":{"heading":"Konsept & Branding","icon":"none","row_content":"<p>Kreative konsepter og merkevareprofiler utvikles og testes med interessenter før endelig løsning produseres.<\/p>","page":""}},"collapsible_row_DC7M88":{"type":"collapsible_row","settings":{"heading":"Design & Utvikling","icon":"none","row_content":"<p>Vi designer og utvikler brukervennlige, robuste løsninger med grundig kvalitetssikring og teknisk ekspertise.<\/p>","page":""}},"collapsible_row_UXJp8p":{"type":"collapsible_row","settings":{"heading":"Lansering & Oppfølging","icon":"none","row_content":"<p>Løsningen lanseres med avanserte analyseverktøy. Vi utfører A\/B-tester og kontinuerlig forbedring for maksimal ROI.<\/p>","page":""}}},"block_order":["collapsible_row_DDJWwW","collapsible_row_wYqm6H","collapsible_row_DC7M88","collapsible_row_UXJp8p"],"name":"t:sections.collapsible_content.presets.name","settings":{"caption":"","heading":"","heading_size":"h1","heading_alignment":"center","layout":"row","container_color_scheme":"scheme-2","color_scheme":"scheme-1","open_first_collapsible_row":false,"image_ratio":"adapt","desktop_layout":"image_second","padding_top":24,"padding_bottom":24}},"rich_text_J9BXCR":{"type":"rich-text","blocks":{"heading_hj7xkD":{"type":"heading","settings":{"heading":"NESHEIM & VATTEN<em> leverer digitale tjenester for bedrifter av alle størrelser – fra innovative startups til globale merkevarer. Våre tjenester inkluderer blant annet drift av nettsider, avanserte salgskanaler, kampanjer, merkevarebygging, grafisk design, fotografi, animasjon og omfattende SEO\/SEM-optimalisering.Gjennom tett samarbeid, kontinuerlig oppfølging og måling av resultater skaper vi varig verdi og dokumentert vekst for kundene våre.<\/em>","heading_size":"h2"}},"text_zRMRBe":{"type":"text","settings":{"text":""}}},"block_order":["heading_hj7xkD","text_zRMRBe"],"name":"t:sections.rich-text.presets.name","settings":{"desktop_content_position":"right","content_alignment":"right","color_scheme":"","full_width":true,"padding_top":56,"padding_bottom":56}},"image_banner_BnCqXW":{"type":"image-banner","blocks":{"heading_z9twpm":{"type":"heading","settings":{"heading":"Vår tilnærming starter alltid med grundig innsikt i kundens mål og utfordringer. Deretter utvikler vi skreddersydde strategier som omfatter alt fra visuell identitet og merkevarebygging til brukervennlig nettdesign og sømløs teknisk implementering. Ved å integrere kreative elementer med avanserte analyse- og automatiseringsverktøy, sikrer vi at løsningene ikke bare er estetisk tiltalende, men også målbare og lønnsomme.","heading_size":"h2"}},"text_YMgydq":{"type":"text","settings":{"text":"","text_style":"body"}},"buttons_xfpVqd":{"type":"buttons","settings":{"button_label_1":"","button_link_1":"","button_style_secondary_1":false,"button_label_2":"","button_link_2":"","button_style_secondary_2":false}}},"block_order":["heading_z9twpm","text_YMgydq","buttons_xfpVqd"],"disabled":true,"name":"t:sections.image-banner.presets.name","settings":{"image":"shopify:\/\/shop_images\/03.png","image_overlay_opacity":0,"image_height":"medium","image_behavior":"none","desktop_content_position":"middle-right","desktop_content_alignment":"right","show_text_box":true,"color_scheme":"scheme-e1e8050a-e452-4945-9dc9-93d68e08d890","stack_images_on_mobile":true,"mobile_content_alignment":"center","show_text_below":true}},"multicolumn_mKCH9k":{"type":"multicolumn","blocks":{"column_jGDhHp":{"type":"column","settings":{"title":"<strong>Innovasjon<\/strong>","text":"<p>Vi utforsker nye metoder og verktøy for å alltid tilby markedets mest innovative løsninger.<\/p>","link_label":"","link":""}},"column_fNi7Kr":{"type":"column","settings":{"title":"<strong>Kvalitet<\/strong>","text":"<p>Vårt fokus på detaljer sikrer design- og tekniske løsninger av topp kvalitet.<\/p>","link_label":"","link":""}},"column_FKDPEC":{"type":"column","settings":{"title":"<strong>Samarbeid<\/strong>","text":"<p>Tett dialog med våre kunder er avgjørende for å utvikle løsninger som treffer deres behov.<\/p>","link_label":"","link":"shopify:\/\/pages\/press"}},"column_p6LAKm":{"type":"column","settings":{"title":"<strong>Resultater<\/strong>","text":"<p>Vi dokumenterer effekten av arbeidet vi gjør. Vår suksess måles gjennom dine resultater.<\/p>","link_label":"","link":""}}},"block_order":["column_jGDhHp","column_fNi7Kr","column_FKDPEC","column_p6LAKm"],"name":"t:sections.multicolumn.presets.name","settings":{"title":"","heading_size":"h1","image_width":"full","image_ratio":"adapt","button_label":"","button_link":"","columns_desktop":4,"column_alignment":"left","background_style":"primary","color_scheme":"","columns_mobile":"1","swipe_on_mobile":false,"padding_top":36,"padding_bottom":36}},"1750154813a1170b2b":{"type":"apps","blocks":{"bookx_app_blocks_NV9nTU":{"type":"shopify:\/\/apps\/bookx\/blocks\/app-blocks\/865cd10f-9515-4d8b-8e41-efece9c83f71","settings":{"bookeasy-app-id":"9dUcE27hMDNChuiBVjjcXj","bookeasy-app-title":"","bookeasy-app-subtitle":"GRATIS RÅDGIVNING – HELT UFORPLIKTENDE","bookeasy-app-description":"> Book en 15-minutters samtale med en av våre konsulenter.","bookeasy-app-alignment":"center"}}},"block_order":["bookx_app_blocks_NV9nTU"],"settings":{"include_margins":true}},"contact_form_yVxe4k":{"type":"contact-form","name":"t:sections.contact-form.presets.name","settings":{"heading":"Har du spørsmål om din bedrift?","heading_size":"h1","color_scheme":"","padding_top":36,"padding_bottom":36}},"slideshow_L3k44H":{"type":"slideshow","blocks":{"slide_pWCcFa":{"type":"slide","settings":{"image":"shopify:\/\/shop_images\/nesheim-vatten-footer-digital-markedsforing-webdesign-norge.webp","image_overlay_opacity":0,"heading":"","heading_size":"h2","subheading":"","button_label":"","link":"","button_style_secondary":false,"show_text_box":false,"box_align":"middle-center","text_alignment":"center","text_alignment_mobile":"center","color_scheme":""}}},"block_order":["slide_pWCcFa"],"name":"t:sections.slideshow.presets.name","settings":{"layout":"full_bleed","slide_height":"small","slider_visual":"counter","auto_rotate":false,"change_slides_speed":5,"image_behavior":"none","show_text_below":false,"accessibility_info":"Slideshow about our brand"}}},"order":["main","image_with_text_Yrn9CV","collapsible_content_P3BEGB","rich_text_J9BXCR","image_banner_BnCqXW","multicolumn_mKCH9k","1750154813a1170b2b","contact_form_yVxe4k","slideshow_L3k44H"]}