{
  "sections": {
    "main": {
      "type": "main-product",
      "blocks": {
        "title": {
          "type": "title",
          "settings": {}
        },
        "price": {
          "type": "price",
          "settings": {}
        },
        "rating": {
          "type": "rating",
          "settings": {}
        },
        "variant_picker": {
          "type": "variant_picker",
          "settings": {
            "picker_type": "button",
            "swatch_shape": "circle"
          }
        },
        "quantity_selector": {
          "type": "quantity_selector",
          "settings": {}
        },
        "buy_buttons": {
          "type": "buy_buttons",
          "settings": {
            "show_dynamic_checkout": true,
            "show_gift_card_recipient": true
          }
        },
        "description": {
          "type": "description",
          "settings": {}
        }
      },
      "block_order": [
        "title",
        "price",
        "rating",
        "variant_picker",
        "quantity_selector",
        "buy_buttons",
        "description"
      ],
      "settings": {
        "enable_sticky_info": true,
        "color_scheme": "scheme-1",
        "media_position": "left",
        "gallery_layout": "thumbnail",
        "media_size": "medium",
        "constrain_to_viewport": true,
        "media_fit": "contain",
        "image_zoom": "lightbox",
        "mobile_thumbnails": "hide",
        "hide_variants": true,
        "enable_video_looping": false,
        "padding_top": 24,
        "padding_bottom": 24
      }
    },
    "related-products": {
      "type": "related-products",
      "settings": {
        "heading": "You may also like",
        "heading_size": "h2",
        "products_to_show": 4,
        "columns_desktop": 4,
        "color_scheme": "scheme-1",
        "image_ratio": "square",
        "image_shape": "default",
        "show_secondary_image": true,
        "show_vendor": true,
        "show_rating": false,
        "columns_mobile": "2",
        "padding_top": 24,
        "padding_bottom": 80
      }
    }
  },
  "order": ["main", "related-products"]
}
