{"sections":{"image_banner":{"type":"image-banner","blocks":{"heading":{"type":"heading","settings":{"heading":"<strong>DIN LOKALE RØRLEGGER-MESTER<\/strong>","heading_size":"h1"}},"text_EDwdRM":{"type":"text","settings":{"text":"<strong>Raskt, enkelt og pålitelig<\/strong>","text_style":"subtitle"}},"button":{"type":"buttons","settings":{"button_label_1":"> Hasteoppdrag","button_link_1":"tel:+4790940810","button_style_secondary_1":false,"button_label_2":"> Bestill en befaring","button_link_2":"mailto:post@nomeror.no","button_style_secondary_2":false}}},"block_order":["heading","text_EDwdRM","button"],"settings":{"image":"shopify:\/\/shop_images\/nome-ror-as-banner-optimized.jpg","image_overlay_opacity":0,"image_height":"adapt","image_behavior":"ambient","desktop_content_position":"bottom-right","desktop_content_alignment":"right","show_text_box":true,"color_scheme":"scheme-1","stack_images_on_mobile":true,"mobile_content_alignment":"center","show_text_below":true}},"rich_text_NEFKzi":{"type":"rich-text","blocks":{"heading_8q9Q9U":{"type":"heading","settings":{"heading":"NOME RØR AS er totalleverandør av profesjonelle rørleggertjenester i Nome, Bø og Midt-Telemark. Med kompetanse og pålitelighet leverer vi løsninger for små og store oppdrag.","heading_size":"h2"}}},"block_order":["heading_8q9Q9U"],"name":"t:sections.rich-text.presets.name","settings":{"desktop_content_position":"center","content_alignment":"left","color_scheme":"","full_width":true,"padding_top":44,"padding_bottom":44}},"multicolumn_iiRicN":{"type":"multicolumn","blocks":{"column_8TdKwp":{"type":"column","settings":{"image":"shopify:\/\/shop_images\/Group_8_96a9ad5b-c9c7-43d6-b862-e61d6f689c44.svg","title":"Kvalitet","text":"<p>Vi bruker kvalitetsprodukter fra anerkjente leverandører og leverer arbeid som tåler tidens tann. Våre løsninger er gjennomtenkte og fagmessig utført.<\/p>","link_label":"","link":""}},"column_PxBd3F":{"type":"column","settings":{"image":"shopify:\/\/shop_images\/Group_7_119718b8-4717-4b36-9dd0-9b089e442095.svg","title":"Sikkerhet","text":"<p>Vi følger strenge rutiner og bransjestandarder for å sikre at alle installasjoner og reparasjoner er trygge for både mennesker og bygninger. Din trygghet er vår prioritet.<\/p>","link_label":"","link":""}},"column_rTVNDf":{"type":"column","settings":{"image":"shopify:\/\/shop_images\/Group_6_bd0882c8-addd-4b72-9bec-ed304c490658.svg","title":"Service og Vedlikehold","text":"<p>Vi verdsetter tiden din. Derfor jobber vi strukturert og effektivt for å levere til avtalt tid – uten å gå på kompromiss med kvaliteten.<\/p>","link_label":"","link":""}}},"block_order":["column_8TdKwp","column_PxBd3F","column_rTVNDf"],"name":"t:sections.multicolumn.presets.name","settings":{"title":"","heading_size":"h2","image_width":"third","image_ratio":"adapt","button_label":"Se alle våre tjenester","button_link":"shopify:\/\/pages\/om-oss","columns_desktop":3,"column_alignment":"center","background_style":"primary","color_scheme":"scheme-5","columns_mobile":"1","swipe_on_mobile":true,"padding_top":44,"padding_bottom":44}},"image_with_text_UjTPfG":{"type":"image-with-text","blocks":{"heading_WGtLyc":{"type":"heading","settings":{"heading":"Åpningstider","heading_size":"h1"}},"text_zCXWaa":{"type":"text","settings":{"text":"<p><strong>Mandag - Fredag: 09 - 17<br\/>Tilgjengelig utenom åpningstider ved akutte behov.<\/strong><\/p>","text_style":"body"}},"button_Fbe8K4":{"type":"button","settings":{"button_label":"Kontakt oss gjerne – vi svarer raskt!","button_link":"shopify:\/\/pages\/kontakt","button_style_secondary":false}}},"block_order":["heading_WGtLyc","text_zCXWaa","button_Fbe8K4"],"name":"Åpningstider","settings":{"image":"shopify:\/\/shop_images\/GYGRESTROLEN-v1.jpg","height":"small","desktop_image_width":"medium","layout":"image_first","image_behavior":"zoom-in","content_layout":"no-overlap","desktop_content_position":"top","desktop_content_alignment":"left","mobile_content_alignment":"center","section_color_scheme":"scheme-1","color_scheme":"scheme-5","padding_top":36,"padding_bottom":36}},"contact_form_bWRnmY":{"type":"contact-form","name":"t:sections.contact-form.presets.name","settings":{"heading":"Har du spørsmål om noe med rør?","heading_size":"h2","color_scheme":"","padding_top":36,"padding_bottom":36}},"image_banner_LN9HEL":{"type":"image-banner","blocks":{"heading_AzYJhb":{"type":"heading","settings":{"heading":"","heading_size":"h1"}},"text_9zbRnf":{"type":"text","settings":{"text":"","text_style":"body"}},"buttons_iPzwg9":{"type":"buttons","settings":{"button_label_1":"","button_link_1":"","button_style_secondary_1":false,"button_label_2":"","button_link_2":"","button_style_secondary_2":false}}},"block_order":["heading_AzYJhb","text_9zbRnf","buttons_iPzwg9"],"name":"Footer","settings":{"image":"shopify:\/\/shop_images\/nome-ror-logo-optimized.jpg","image_overlay_opacity":0,"image_height":"adapt","image_behavior":"none","desktop_content_position":"middle-center","desktop_content_alignment":"center","show_text_box":false,"color_scheme":"","stack_images_on_mobile":false,"mobile_content_alignment":"center","show_text_below":false}}},"order":["image_banner","rich_text_NEFKzi","multicolumn_iiRicN","image_with_text_UjTPfG","contact_form_bWRnmY","image_banner_LN9HEL"]}