{"sections":{"image_banner_8bWemp":{"type":"image-banner","blocks":{"heading_tk4J6x":{"type":"heading","settings":{"heading":"","heading_size":"h1"}},"text_JFWwBg":{"type":"text","settings":{"text":"","text_style":"body"}},"buttons_YpDdQP":{"type":"buttons","settings":{"button_label_1":"","button_link_1":"","button_style_secondary_1":false,"button_label_2":"","button_link_2":"","button_style_secondary_2":false}}},"block_order":["heading_tk4J6x","text_JFWwBg","buttons_YpDdQP"],"name":"t:sections.image-banner.presets.name","settings":{"image":"shopify:\/\/shop_images\/Asset_38.svg","image_overlay_opacity":0,"image_height":"large","image_behavior":"none","desktop_content_position":"middle-center","desktop_content_alignment":"center","show_text_box":false,"color_scheme":"","stack_images_on_mobile":true,"mobile_content_alignment":"center","show_text_below":false}},"main":{"type":"main-page","disabled":true,"settings":{"padding_top":36,"padding_bottom":36}},"17518207028022da4e":{"type":"apps","blocks":{"bookx_app_blocks_AGUTDh":{"type":"shopify:\/\/apps\/bookx\/blocks\/app-blocks\/865cd10f-9515-4d8b-8e41-efece9c83f71","settings":{"bookeasy-app-id":"1pcesLE4jf7DbNsfmN2NGQ","bookeasy-app-title":"Trenger du rørlegger?","bookeasy-app-subtitle":"SJEKK LEDIGE TIDER NÅ","bookeasy-app-description":"","bookeasy-image-url":"shopify:\/\/shop_images\/Asset_40.png","bookeasy-app-alignment":"center"}}},"block_order":["bookx_app_blocks_AGUTDh"],"settings":{"include_margins":true}},"image_banner_mqpjY7":{"type":"image-banner","blocks":{"heading_4MLpyD":{"type":"heading","settings":{"heading":"","heading_size":"h1"}},"text_MrVHpz":{"type":"text","settings":{"text":"","text_style":"body"}},"buttons_qpWjVV":{"type":"buttons","settings":{"button_label_1":"","button_link_1":"","button_style_secondary_1":false,"button_label_2":"","button_link_2":"","button_style_secondary_2":false}}},"block_order":["heading_4MLpyD","text_MrVHpz","buttons_qpWjVV"],"name":"Footer","settings":{"image":"shopify:\/\/shop_images\/nome-ror-logo-optimized.jpg","image_overlay_opacity":0,"image_height":"adapt","image_behavior":"none","desktop_content_position":"middle-center","desktop_content_alignment":"center","show_text_box":false,"color_scheme":"","stack_images_on_mobile":false,"mobile_content_alignment":"center","show_text_below":false}}},"order":["image_banner_8bWemp","main","17518207028022da4e","image_banner_mqpjY7"]}